Brandstof omschrijving,maand_jaar,Kenteken,Datum_tenaamstelling
Alcohol,2008-01,5,5
Alcohol,2008-03,1,1
Alcohol,2008-06,2,2
Alcohol,2008-07,4,4
Alcohol,2008-08,1,1
Alcohol,2009-01,1,1
Alcohol,2009-02,2,2
Alcohol,2009-04,5,5
Alcohol,2009-05,4,4
Alcohol,2009-06,9,9
Alcohol,2009-07,9,9
Alcohol,2009-08,13,13
Alcohol,2009-09,9,9
Alcohol,2009-10,3,3
Alcohol,2009-11,2,2
Alcohol,2010-01,3,3
Alcohol,2010-02,4,4
Alcohol,2010-03,2,2
Alcohol,2010-04,3,3
Alcohol,2010-05,7,7
Alcohol,2010-06,3,3
Alcohol,2010-07,4,4
Alcohol,2010-08,3,3
Alcohol,2010-09,5,5
Alcohol,2010-10,3,3
Alcohol,2010-11,1,1
Alcohol,2010-12,1,1
Alcohol,2011-01,3,3
Alcohol,2011-02,3,3
Alcohol,2011-03,6,6
Alcohol,2011-04,6,6
Alcohol,2011-05,11,11
Alcohol,2011-06,19,19
Alcohol,2011-07,10,10
Alcohol,2011-08,8,8
Alcohol,2011-09,12,12
Alcohol,2011-10,8,8
Alcohol,2011-11,20,20
Alcohol,2011-12,9,9
Alcohol,2012-01,16,16
Alcohol,2012-02,9,9
Alcohol,2012-03,5,5
Alcohol,2012-04,10,10
Alcohol,2012-05,17,17
Alcohol,2012-06,9,9
Alcohol,2012-07,10,10
Alcohol,2012-08,11,11
Alcohol,2012-09,9,9
Alcohol,2012-10,7,7
Alcohol,2012-11,10,10
Alcohol,2012-12,5,5
Alcohol,2013-01,11,11
Alcohol,2013-02,10,10
Alcohol,2013-03,13,13
Alcohol,2013-04,12,12
Alcohol,2013-05,14,14
Alcohol,2013-06,14,14
Alcohol,2013-07,10,10
Alcohol,2013-08,11,11
Alcohol,2013-09,16,16
Alcohol,2013-10,9,9
Alcohol,2013-11,16,16
Alcohol,2013-12,18,18
Alcohol,2014-01,13,13
Alcohol,2014-02,8,8
Alcohol,2014-03,10,10
Alcohol,2014-04,8,8
Alcohol,2014-05,10,10
Alcohol,2014-06,16,16
Alcohol,2014-07,7,7
Alcohol,2014-08,5,5
Alcohol,2014-09,10,10
Alcohol,2014-10,9,9
Alcohol,2014-11,15,15
Alcohol,2014-12,10,10
Alcohol,2015-01,13,13
Alcohol,2015-02,9,9
Alcohol,2015-03,13,13
Alcohol,2015-04,12,12
Alcohol,2015-05,5,5
Alcohol,2015-06,9,9
Alcohol,2015-07,17,17
Alcohol,2015-08,11,11
Alcohol,2015-09,16,16
Alcohol,2015-10,17,17
Alcohol,2015-11,11,11
Alcohol,2015-12,12,12
Alcohol,2016-01,14,14
Alcohol,2016-02,16,16
Alcohol,2016-03,16,16
Alcohol,2016-04,14,14
Alcohol,2016-05,15,15
Alcohol,2016-06,13,13
Alcohol,2016-07,15,15
Alcohol,2016-08,14,14
Alcohol,2016-09,15,15
Alcohol,2016-10,21,21
Alcohol,2016-11,24,24
Alcohol,2016-12,20,20
Alcohol,2017-01,22,22
Alcohol,2017-02,29,29
Alcohol,2017-03,21,21
Alcohol,2017-04,20,20
Alcohol,2017-05,23,23
Alcohol,2017-06,32,32
Alcohol,2017-07,28,28
Alcohol,2017-08,25,25
Alcohol,2017-09,20,20
Alcohol,2017-10,18,18
Alcohol,2017-11,18,18
Alcohol,2017-12,21,21
Alcohol,2018-01,33,33
Alcohol,2018-02,27,27
Alcohol,2018-03,31,31
Alcohol,2018-04,23,23
Alcohol,2018-05,14,14
Alcohol,2018-06,43,43
Alcohol,2018-07,30,30
Alcohol,2018-08,32,32
Alcohol,2018-09,23,23
Alcohol,2018-10,26,26
Alcohol,2018-11,33,33
Alcohol,2018-12,31,31
Alcohol,2019-01,41,41
Alcohol,2019-02,34,34
Alcohol,2019-03,33,33
Alcohol,2019-04,33,33
Alcohol,2019-05,33,33
Alcohol,2019-06,26,26
Alcohol,2019-07,46,46
Alcohol,2019-08,40,40
Alcohol,2019-09,34,34
Alcohol,2019-10,38,38
Alcohol,2019-11,36,36
Alcohol,2019-12,34,34
Alcohol,2020-01,32,32
Alcohol,2020-02,40,40
Alcohol,2020-03,37,37
Alcohol,2020-04,22,22
Alcohol,2020-05,30,30
Alcohol,2020-06,63,63
Alcohol,2020-07,57,57
Alcohol,2020-08,44,44
Alcohol,2020-09,40,40
Alcohol,2020-10,48,48
Alcohol,2020-11,48,48
Alcohol,2020-12,41,41
Alcohol,2021-01,37,37
Alcohol,2021-02,35,35
Alcohol,2021-03,45,45
Alcohol,2021-04,50,50
Alcohol,2021-05,65,65
Alcohol,2021-06,41,41
Alcohol,2021-07,48,48
Alcohol,2021-08,52,52
Alcohol,2021-09,28,28
Alcohol,2021-10,56,56
Alcohol,2021-11,66,66
Alcohol,2021-12,50,50
Alcohol,2022-01,66,66
Alcohol,2022-02,60,60
Alcohol,2022-03,38,38
Alcohol,2022-04,42,42
Alcohol,2022-05,51,51
Alcohol,2022-06,41,41
Alcohol,2022-07,48,48
Alcohol,2022-08,34,34
Alcohol,2022-09,40,40
Alcohol,2022-10,44,44
Alcohol,2022-11,55,55
Alcohol,2022-12,41,41
Alcohol,2023-01,53,53
Alcohol,2023-02,43,43
Alcohol,2023-03,53,53
Alcohol,2023-04,58,58
Alcohol,2023-05,56,56
Alcohol,2023-06,55,55
Alcohol,2023-07,83,83
Alcohol,2023-08,77,77
Alcohol,2023-09,103,103
Alcohol,2023-10,43,43
Benzine,1952-10,1,1
Benzine,1953-01,1,1
Benzine,1953-07,1,1
Benzine,1954-01,1,1
Benzine,1954-04,1,1
Benzine,1954-07,1,1
Benzine,1955-06,1,1
Benzine,1955-08,1,1
Benzine,1955-09,1,1
Benzine,1956-05,1,1
Benzine,1956-06,1,1
Benzine,1956-09,1,1
Benzine,1956-12,1,1
Benzine,1957-08,1,1
Benzine,1957-09,1,1
Benzine,1958-03,1,1
Benzine,1958-06,1,1
Benzine,1959-02,1,1
Benzine,1959-05,1,1
Benzine,1959-07,1,1
Benzine,1959-08,1,1
Benzine,1959-12,2,2
Benzine,1960-05,2,2
Benzine,1960-06,1,1
Benzine,1960-08,1,1
Benzine,1960-09,1,1
Benzine,1960-10,2,2
Benzine,1960-11,1,1
Benzine,1961-03,2,2
Benzine,1961-04,1,1
Benzine,1961-05,2,2
Benzine,1961-06,3,3
Benzine,1961-07,2,2
Benzine,1961-09,1,1
Benzine,1961-10,2,2
Benzine,1961-11,1,1
Benzine,1961-12,2,2
Benzine,1962-07,3,3
Benzine,1962-09,2,2
Benzine,1962-10,1,1
Benzine,1963-02,1,1
Benzine,1963-03,1,1
Benzine,1963-04,2,2
Benzine,1963-05,3,3
Benzine,1963-06,1,1
Benzine,1963-07,1,1
Benzine,1963-09,1,1
Benzine,1963-10,1,1
Benzine,1963-11,1,1
Benzine,1964-02,2,2
Benzine,1964-03,2,2
Benzine,1964-04,2,2
Benzine,1964-05,1,1
Benzine,1964-06,1,1
Benzine,1964-08,2,2
Benzine,1964-09,1,1
Benzine,1964-10,1,1
Benzine,1964-11,2,2
Benzine,1965-01,1,1
Benzine,1965-02,1,1
Benzine,1965-03,3,3
Benzine,1965-04,1,1
Benzine,1965-05,4,4
Benzine,1965-06,3,3
Benzine,1965-07,1,1
Benzine,1965-08,1,1
Benzine,1965-09,2,2
Benzine,1965-10,2,2
Benzine,1965-11,1,1
Benzine,1965-12,1,1
Benzine,1966-01,2,2
Benzine,1966-02,3,3
Benzine,1966-03,4,4
Benzine,1966-04,2,2
Benzine,1966-05,5,5
Benzine,1966-06,4,4
Benzine,1966-07,3,3
Benzine,1966-08,5,5
Benzine,1966-09,6,6
Benzine,1966-10,3,3
Benzine,1966-11,2,2
Benzine,1967-01,1,1
Benzine,1967-02,1,1
Benzine,1967-03,3,3
Benzine,1967-04,3,3
Benzine,1967-05,4,4
Benzine,1967-06,2,2
Benzine,1967-07,6,6
Benzine,1967-08,4,4
Benzine,1967-09,2,2
Benzine,1967-10,2,2
Benzine,1967-11,7,7
Benzine,1967-12,3,3
Benzine,1968-01,3,3
Benzine,1968-02,6,6
Benzine,1968-03,4,4
Benzine,1968-04,5,5
Benzine,1968-05,4,4
Benzine,1968-07,3,3
Benzine,1968-08,7,7
Benzine,1968-09,3,3
Benzine,1968-10,4,4
Benzine,1968-11,1,1
Benzine,1968-12,5,5
Benzine,1969-01,4,4
Benzine,1969-02,1,1
Benzine,1969-03,5,5
Benzine,1969-04,7,7
Benzine,1969-05,13,13
Benzine,1969-06,8,8
Benzine,1969-07,10,10
Benzine,1969-08,5,5
Benzine,1969-09,5,5
Benzine,1969-10,3,3
Benzine,1969-11,9,9
Benzine,1969-12,4,4
Benzine,1970-01,4,4
Benzine,1970-02,4,4
Benzine,1970-03,7,7
Benzine,1970-04,11,11
Benzine,1970-05,11,11
Benzine,1970-06,11,11
Benzine,1970-07,3,3
Benzine,1970-08,10,10
Benzine,1970-09,12,12
Benzine,1970-10,8,8
Benzine,1970-11,4,4
Benzine,1970-12,8,8
Benzine,1971-01,3,3
Benzine,1971-02,9,9
Benzine,1971-03,18,18
Benzine,1971-04,10,10
Benzine,1971-05,15,15
Benzine,1971-06,25,25
Benzine,1971-07,8,8
Benzine,1971-08,19,19
Benzine,1971-09,14,14
Benzine,1971-10,17,17
Benzine,1971-11,8,8
Benzine,1971-12,6,6
Benzine,1972-01,15,15
Benzine,1972-02,12,12
Benzine,1972-03,18,18
Benzine,1972-04,18,18
Benzine,1972-05,18,18
Benzine,1972-06,24,24
Benzine,1972-07,16,16
Benzine,1972-08,24,24
Benzine,1972-09,17,17
Benzine,1972-10,16,16
Benzine,1972-11,9,9
Benzine,1972-12,14,14
Benzine,1973-01,9,9
Benzine,1973-02,12,12
Benzine,1973-03,26,26
Benzine,1973-04,24,24
Benzine,1973-05,32,32
Benzine,1973-06,21,21
Benzine,1973-07,23,23
Benzine,1973-08,26,26
Benzine,1973-09,18,18
Benzine,1973-10,20,20
Benzine,1973-11,16,16
Benzine,1973-12,18,18
Benzine,1974-01,7,7
Benzine,1974-02,10,10
Benzine,1974-03,19,19
Benzine,1974-04,32,32
Benzine,1974-05,43,43
Benzine,1974-06,31,31
Benzine,1974-07,29,29
Benzine,1974-08,33,33
Benzine,1974-09,24,24
Benzine,1974-10,36,36
Benzine,1974-11,30,30
Benzine,1974-12,48,48
Benzine,1975-01,78,78
Benzine,1975-02,38,38
Benzine,1975-03,36,36
Benzine,1975-04,84,84
Benzine,1975-05,35,35
Benzine,1975-06,51,51
Benzine,1975-07,40,40
Benzine,1975-08,31,31
Benzine,1975-09,36,36
Benzine,1975-10,31,31
Benzine,1975-11,27,27
Benzine,1975-12,34,34
Benzine,1976-01,185,185
Benzine,1976-02,40,40
Benzine,1976-03,54,54
Benzine,1976-04,36,36
Benzine,1976-05,46,46
Benzine,1976-06,69,69
Benzine,1976-07,70,70
Benzine,1976-08,50,50
Benzine,1976-09,54,54
Benzine,1976-10,52,52
Benzine,1976-11,46,46
Benzine,1976-12,35,35
Benzine,1977-01,56,56
Benzine,1977-02,47,47
Benzine,1977-03,77,77
Benzine,1977-04,54,54
Benzine,1977-05,81,81
Benzine,1977-06,89,89
Benzine,1977-07,74,74
Benzine,1977-08,70,70
Benzine,1977-09,51,51
Benzine,1977-10,68,68
Benzine,1977-11,57,57
Benzine,1977-12,61,61
Benzine,1978-01,82,82
Benzine,1978-02,42,42
Benzine,1978-03,79,79
Benzine,1978-04,83,83
Benzine,1978-05,80,80
Benzine,1978-06,105,105
Benzine,1978-07,74,74
Benzine,1978-08,100,100
Benzine,1978-09,72,72
Benzine,1978-10,77,77
Benzine,1978-11,65,65
Benzine,1978-12,40,40
Benzine,1979-01,82,82
Benzine,1979-02,38,38
Benzine,1979-03,126,126
Benzine,1979-04,100,100
Benzine,1979-05,109,109
Benzine,1979-06,98,98
Benzine,1979-07,85,85
Benzine,1979-08,95,95
Benzine,1979-09,53,53
Benzine,1979-10,74,74
Benzine,1979-11,63,63
Benzine,1979-12,56,56
Benzine,1980-01,95,95
Benzine,1980-02,80,80
Benzine,1980-03,107,107
Benzine,1980-04,112,112
Benzine,1980-05,112,112
Benzine,1980-06,125,125
Benzine,1980-07,83,83
Benzine,1980-08,94,94
Benzine,1980-09,81,81
Benzine,1980-10,87,87
Benzine,1980-11,60,60
Benzine,1980-12,60,60
Benzine,1981-01,87,87
Benzine,1981-02,81,81
Benzine,1981-03,95,95
Benzine,1981-04,121,121
Benzine,1981-05,136,136
Benzine,1981-06,112,112
Benzine,1981-07,119,119
Benzine,1981-08,80,80
Benzine,1981-09,92,92
Benzine,1981-10,80,80
Benzine,1981-11,73,73
Benzine,1981-12,58,58
Benzine,1982-01,103,103
Benzine,1982-02,90,90
Benzine,1982-03,143,143
Benzine,1982-04,153,153
Benzine,1982-05,152,152
Benzine,1982-06,136,136
Benzine,1982-07,147,147
Benzine,1982-08,120,120
Benzine,1982-09,101,101
Benzine,1982-10,87,87
Benzine,1982-11,87,87
Benzine,1982-12,87,87
Benzine,1983-01,106,106
Benzine,1983-02,79,79
Benzine,1983-03,143,143
Benzine,1983-04,167,167
Benzine,1983-05,157,157
Benzine,1983-06,176,176
Benzine,1983-07,145,145
Benzine,1983-08,131,131
Benzine,1983-09,127,127
Benzine,1983-10,137,137
Benzine,1983-11,91,91
Benzine,1983-12,101,101
Benzine,1984-01,125,125
Benzine,1984-02,99,99
Benzine,1984-03,133,133
Benzine,1984-04,158,158
Benzine,1984-05,202,202
Benzine,1984-06,189,189
Benzine,1984-07,175,175
Benzine,1984-08,167,167
Benzine,1984-09,122,122
Benzine,1984-10,118,118
Benzine,1984-11,129,129
Benzine,1984-12,113,113
Benzine,1985-01,111,111
Benzine,1985-02,100,100
Benzine,1985-03,165,165
Benzine,1985-04,213,213
Benzine,1985-05,213,213
Benzine,1985-06,197,197
Benzine,1985-07,173,173
Benzine,1985-08,182,182
Benzine,1985-09,153,153
Benzine,1985-10,152,152
Benzine,1985-11,117,117
Benzine,1985-12,98,98
Benzine,1986-01,175,175
Benzine,1986-02,118,118
Benzine,1986-03,170,170
Benzine,1986-04,212,212
Benzine,1986-05,218,218
Benzine,1986-06,245,245
Benzine,1986-07,230,230
Benzine,1986-08,192,192
Benzine,1986-09,173,173
Benzine,1986-10,171,171
Benzine,1986-11,157,157
Benzine,1986-12,130,130
Benzine,1987-01,134,134
Benzine,1987-02,139,139
Benzine,1987-03,209,209
Benzine,1987-04,262,262
Benzine,1987-05,290,290
Benzine,1987-06,262,262
Benzine,1987-07,288,288
Benzine,1987-08,221,221
Benzine,1987-09,195,195
Benzine,1987-10,235,235
Benzine,1987-11,164,164
Benzine,1987-12,168,168
Benzine,1988-01,176,176
Benzine,1988-02,212,212
Benzine,1988-03,238,238
Benzine,1988-04,292,292
Benzine,1988-05,275,275
Benzine,1988-06,328,328
Benzine,1988-07,309,309
Benzine,1988-08,266,266
Benzine,1988-09,243,243
Benzine,1988-10,205,205
Benzine,1988-11,209,209
Benzine,1988-12,176,176
Benzine,1989-01,249,249
Benzine,1989-02,220,220
Benzine,1989-03,343,343
Benzine,1989-04,300,300
Benzine,1989-05,373,373
Benzine,1989-06,378,378
Benzine,1989-07,346,346
Benzine,1989-08,321,321
Benzine,1989-09,237,237
Benzine,1989-10,257,257
Benzine,1989-11,237,237
Benzine,1989-12,222,222
Benzine,1990-01,294,294
Benzine,1990-02,287,287
Benzine,1990-03,425,425
Benzine,1990-04,457,457
Benzine,1990-05,486,486
Benzine,1990-06,441,441
Benzine,1990-07,430,430
Benzine,1990-08,403,403
Benzine,1990-09,331,331
Benzine,1990-10,353,353
Benzine,1990-11,304,304
Benzine,1990-12,248,248
Benzine,1991-01,342,342
Benzine,1991-02,288,288
Benzine,1991-03,516,516
Benzine,1991-04,620,620
Benzine,1991-05,586,586
Benzine,1991-06,559,559
Benzine,1991-07,534,534
Benzine,1991-08,479,479
Benzine,1991-09,392,392
Benzine,1991-10,426,426
Benzine,1991-11,327,327
Benzine,1991-12,322,322
Benzine,1992-01,456,456
Benzine,1992-02,420,420
Benzine,1992-03,643,643
Benzine,1992-04,607,607
Benzine,1992-05,732,732
Benzine,1992-06,667,667
Benzine,1992-07,669,669
Benzine,1992-08,514,514
Benzine,1992-09,441,441
Benzine,1992-10,409,409
Benzine,1992-11,361,361
Benzine,1992-12,413,413
Benzine,1993-01,413,413
Benzine,1993-02,424,424
Benzine,1993-03,724,724
Benzine,1993-04,829,829
Benzine,1993-05,783,783
Benzine,1993-06,828,828
Benzine,1993-07,810,810
Benzine,1993-08,575,575
Benzine,1993-09,572,572
Benzine,1993-10,534,534
Benzine,1993-11,475,475
Benzine,1993-12,405,405
Benzine,1994-01,542,542
Benzine,1994-02,498,498
Benzine,1994-03,890,890
Benzine,1994-04,898,898
Benzine,1994-05,874,874
Benzine,1994-06,896,896
Benzine,1994-07,844,844
Benzine,1994-08,704,704
Benzine,1994-09,646,646
Benzine,1994-10,584,584
Benzine,1994-11,615,615
Benzine,1994-12,728,728
Benzine,1995-01,849,849
Benzine,1995-02,809,809
Benzine,1995-03,1777,1777
Benzine,1995-04,1305,1305
Benzine,1995-05,1635,1635
Benzine,1995-06,1333,1333
Benzine,1995-07,1225,1225
Benzine,1995-08,1114,1114
Benzine,1995-09,927,927
Benzine,1995-10,883,883
Benzine,1995-11,830,830
Benzine,1995-12,708,708
Benzine,1996-01,864,864
Benzine,1996-02,808,808
Benzine,1996-03,1275,1275
Benzine,1996-04,1460,1460
Benzine,1996-05,1315,1315
Benzine,1996-06,1403,1403
Benzine,1996-07,1280,1280
Benzine,1996-08,1146,1146
Benzine,1996-09,939,939
Benzine,1996-10,919,919
Benzine,1996-11,744,744
Benzine,1996-12,651,651
Benzine,1997-01,792,792
Benzine,1997-02,847,847
Benzine,1997-03,1369,1369
Benzine,1997-04,1364,1364
Benzine,1997-05,1366,1366
Benzine,1997-06,1333,1333
Benzine,1997-07,1232,1232
Benzine,1997-08,1181,1181
Benzine,1997-09,1053,1053
Benzine,1997-10,924,924
Benzine,1997-11,771,771
Benzine,1997-12,790,790
Benzine,1998-01,1010,1010
Benzine,1998-02,995,995
Benzine,1998-03,1349,1349
Benzine,1998-04,1345,1345
Benzine,1998-05,1455,1455
Benzine,1998-06,1390,1390
Benzine,1998-07,1388,1388
Benzine,1998-08,1105,1105
Benzine,1998-09,1031,1031
Benzine,1998-10,999,999
Benzine,1998-11,772,772
Benzine,1998-12,763,763
Benzine,1999-01,1083,1083
Benzine,1999-02,1010,1010
Benzine,1999-03,1541,1541
Benzine,1999-04,1698,1698
Benzine,1999-05,1735,1735
Benzine,1999-06,1737,1737
Benzine,1999-07,1808,1808
Benzine,1999-08,1460,1460
Benzine,1999-09,1340,1340
Benzine,1999-10,1209,1209
Benzine,1999-11,1093,1093
Benzine,1999-12,874,874
Benzine,2000-01,1365,1365
Benzine,2000-02,1321,1321
Benzine,2000-03,1817,1817
Benzine,2000-04,1764,1764
Benzine,2000-05,2063,2063
Benzine,2000-06,1736,1736
Benzine,2000-07,1642,1642
Benzine,2000-08,1625,1625
Benzine,2000-09,1479,1479
Benzine,2000-10,1371,1371
Benzine,2000-11,1330,1330
Benzine,2000-12,1093,1093
Benzine,2001-01,1511,1511
Benzine,2001-02,1314,1314
Benzine,2001-03,1872,1872
Benzine,2001-04,1780,1780
Benzine,2001-05,2400,2400
Benzine,2001-06,2252,2252
Benzine,2001-07,1963,1963
Benzine,2001-08,1869,1869
Benzine,2001-09,1545,1545
Benzine,2001-10,1701,1701
Benzine,2001-11,1562,1562
Benzine,2001-12,1227,1227
Benzine,2002-01,1702,1702
Benzine,2002-02,1640,1640
Benzine,2002-03,2223,2223
Benzine,2002-04,2282,2282
Benzine,2002-05,2290,2290
Benzine,2002-06,2391,2391
Benzine,2002-07,2366,2366
Benzine,2002-08,2156,2156
Benzine,2002-09,2040,2040
Benzine,2002-10,2024,2024
Benzine,2002-11,1859,1859
Benzine,2002-12,1499,1499
Benzine,2003-01,2064,2064
Benzine,2003-02,1876,1876
Benzine,2003-03,2606,2606
Benzine,2003-04,2608,2608
Benzine,2003-05,2814,2814
Benzine,2003-06,2721,2721
Benzine,2003-07,2747,2747
Benzine,2003-08,2413,2413
Benzine,2003-09,2395,2395
Benzine,2003-10,2308,2308
Benzine,2003-11,2013,2013
Benzine,2003-12,1559,1559
Benzine,2004-01,2644,2644
Benzine,2004-02,2272,2272
Benzine,2004-03,3223,3223
Benzine,2004-04,3365,3365
Benzine,2004-05,3066,3066
Benzine,2004-06,3237,3237
Benzine,2004-07,3067,3067
Benzine,2004-08,2683,2683
Benzine,2004-09,2686,2686
Benzine,2004-10,2755,2755
Benzine,2004-11,2455,2455
Benzine,2004-12,2040,2040
Benzine,2005-01,3076,3076
Benzine,2005-02,2499,2499
Benzine,2005-03,3320,3320
Benzine,2005-04,3883,3883
Benzine,2005-05,3335,3335
Benzine,2005-06,3754,3754
Benzine,2005-07,3551,3551
Benzine,2005-08,3150,3150
Benzine,2005-09,4420,4420
Benzine,2005-10,5661,5661
Benzine,2005-11,5219,5219
Benzine,2005-12,3876,3876
Benzine,2006-01,5399,5399
Benzine,2006-02,4869,4869
Benzine,2006-03,7057,7057
Benzine,2006-04,9500,9500
Benzine,2006-05,8329,8329
Benzine,2006-06,7948,7948
Benzine,2006-07,8086,8086
Benzine,2006-08,9800,9800
Benzine,2006-09,12604,12604
Benzine,2006-10,18730,18730
Benzine,2006-11,11630,11630
Benzine,2006-12,5053,5053
Benzine,2007-01,6548,6548
Benzine,2007-02,5319,5319
Benzine,2007-03,7195,7195
Benzine,2007-04,6436,6436
Benzine,2007-05,6795,6795
Benzine,2007-06,7277,7277
Benzine,2007-07,6382,6382
Benzine,2007-08,6630,6630
Benzine,2007-09,6075,6075
Benzine,2007-10,6370,6370
Benzine,2007-11,5701,5701
Benzine,2007-12,4198,4198
Benzine,2008-01,6963,6963
Benzine,2008-02,7000,7000
Benzine,2008-03,7451,7451
Benzine,2008-04,7972,7972
Benzine,2008-05,8734,8734
Benzine,2008-06,8512,8512
Benzine,2008-07,8375,8375
Benzine,2008-08,7878,7878
Benzine,2008-09,7602,7602
Benzine,2008-10,7815,7815
Benzine,2008-11,6280,6280
Benzine,2008-12,5187,5187
Benzine,2009-01,7871,7871
Benzine,2009-02,6648,6648
Benzine,2009-03,8454,8454
Benzine,2009-04,8938,8938
Benzine,2009-05,9380,9380
Benzine,2009-06,11059,11059
Benzine,2009-07,10892,10892
Benzine,2009-08,9611,9611
Benzine,2009-09,9774,9774
Benzine,2009-10,10045,10045
Benzine,2009-11,8687,8687
Benzine,2009-12,6803,6803
Benzine,2010-01,10602,10602
Benzine,2010-02,9181,9181
Benzine,2010-03,12777,12777
Benzine,2010-04,13154,13154
Benzine,2010-05,11805,11805
Benzine,2010-06,14071,14071
Benzine,2010-07,13218,13218
Benzine,2010-08,12025,12025
Benzine,2010-09,12273,12273
Benzine,2010-10,12022,12022
Benzine,2010-11,10679,10679
Benzine,2010-12,7737,7737
Benzine,2011-01,13482,13482
Benzine,2011-02,12746,12746
Benzine,2011-03,15269,15269
Benzine,2011-04,15879,15879
Benzine,2011-05,15921,15921
Benzine,2011-06,15721,15721
Benzine,2011-07,15173,15173
Benzine,2011-08,14286,14286
Benzine,2011-09,14286,14286
Benzine,2011-10,14336,14336
Benzine,2011-11,13903,13903
Benzine,2011-12,11676,11676
Benzine,2012-01,15983,15983
Benzine,2012-02,12790,12790
Benzine,2012-03,18338,18338
Benzine,2012-04,16307,16307
Benzine,2012-05,17181,17181
Benzine,2012-06,19704,19704
Benzine,2012-07,16457,16457
Benzine,2012-08,16722,16722
Benzine,2012-09,16541,16541
Benzine,2012-10,14373,14373
Benzine,2012-11,14186,14186
Benzine,2012-12,11273,11273
Benzine,2013-01,16510,16510
Benzine,2013-02,13999,13999
Benzine,2013-03,17506,17506
Benzine,2013-04,17965,17965
Benzine,2013-05,19034,19034
Benzine,2013-06,19171,19171
Benzine,2013-07,18860,18860
Benzine,2013-08,18934,18934
Benzine,2013-09,16738,16738
Benzine,2013-10,17853,17853
Benzine,2013-11,18346,18346
Benzine,2013-12,17265,17265
Benzine,2014-01,21281,21281
Benzine,2014-02,17370,17370
Benzine,2014-03,20765,20765
Benzine,2014-04,21382,21382
Benzine,2014-05,23102,23102
Benzine,2014-06,21657,21657
Benzine,2014-07,22424,22424
Benzine,2014-08,21796,21796
Benzine,2014-09,21126,21126
Benzine,2014-10,22991,22991
Benzine,2014-11,21014,21014
Benzine,2014-12,20103,20103
Benzine,2015-01,26387,26387
Benzine,2015-02,21234,21234
Benzine,2015-03,26037,26037
Benzine,2015-04,26530,26530
Benzine,2015-05,26770,26770
Benzine,2015-06,29122,29122
Benzine,2015-07,29082,29082
Benzine,2015-08,26509,26509
Benzine,2015-09,26816,26816
Benzine,2015-10,28240,28240
Benzine,2015-11,25195,25195
Benzine,2015-12,27073,27073
Benzine,2016-01,30583,30583
Benzine,2016-02,28140,28140
Benzine,2016-03,32711,32711
Benzine,2016-04,35064,35064
Benzine,2016-05,33674,33674
Benzine,2016-06,38088,38088
Benzine,2016-07,36830,36830
Benzine,2016-08,34067,34067
Benzine,2016-09,35692,35692
Benzine,2016-10,35100,35100
Benzine,2016-11,33227,33227
Benzine,2016-12,33385,33385
Benzine,2017-01,39221,39221
Benzine,2017-02,34790,34790
Benzine,2017-03,44932,44932
Benzine,2017-04,41366,41366
Benzine,2017-05,45629,45629
Benzine,2017-06,48846,48846
Benzine,2017-07,46794,46794
Benzine,2017-08,44799,44799
Benzine,2017-09,45306,45306
Benzine,2017-10,44794,44794
Benzine,2017-11,45644,45644
Benzine,2017-12,41113,41113
Benzine,2018-01,54146,54146
Benzine,2018-02,45937,45937
Benzine,2018-03,56925,56925
Benzine,2018-04,53007,53007
Benzine,2018-05,58908,58908
Benzine,2018-06,65795,65795
Benzine,2018-07,59925,59925
Benzine,2018-08,59893,59893
Benzine,2018-09,54898,54898
Benzine,2018-10,57771,57771
Benzine,2018-11,57974,57974
Benzine,2018-12,49668,49668
Benzine,2019-01,65222,65222
Benzine,2019-02,60621,60621
Benzine,2019-03,69102,69102
Benzine,2019-04,67234,67234
Benzine,2019-05,78178,78178
Benzine,2019-06,73820,73820
Benzine,2019-07,77366,77366
Benzine,2019-08,76423,76423
Benzine,2019-09,70526,70526
Benzine,2019-10,80290,80290
Benzine,2019-11,81893,81893
Benzine,2019-12,68866,68866
Benzine,2020-01,96087,96087
Benzine,2020-02,83183,83183
Benzine,2020-03,79617,79617
Benzine,2020-04,69983,69983
Benzine,2020-05,97450,97450
Benzine,2020-06,107371,107371
Benzine,2020-07,114286,114286
Benzine,2020-08,99497,99497
Benzine,2020-09,98915,98915
Benzine,2020-10,106221,106221
Benzine,2020-11,95423,95423
Benzine,2020-12,86359,86359
Benzine,2021-01,103539,103539
Benzine,2021-02,90151,90151
Benzine,2021-03,120716,120716
Benzine,2021-04,121578,121578
Benzine,2021-05,129260,129260
Benzine,2021-06,135897,135897
Benzine,2021-07,133559,133559
Benzine,2021-08,114166,114166
Benzine,2021-09,117916,117916
Benzine,2021-10,119518,119518
Benzine,2021-11,111117,111117
Benzine,2021-12,110572,110572
Benzine,2022-01,128628,128628
Benzine,2022-02,114379,114379
Benzine,2022-03,126551,126551
Benzine,2022-04,125657,125657
Benzine,2022-05,129057,129057
Benzine,2022-06,137550,137550
Benzine,2022-07,133112,133112
Benzine,2022-08,127339,127339
Benzine,2022-09,132856,132856
Benzine,2022-10,136738,136738
Benzine,2022-11,136409,136409
Benzine,2022-12,131041,131041
Benzine,2023-01,157601,157601
Benzine,2023-02,150954,150954
Benzine,2023-03,183557,183557
Benzine,2023-04,174134,174134
Benzine,2023-05,202201,202201
Benzine,2023-06,223108,223108
Benzine,2023-07,225234,225234
Benzine,2023-08,226844,226844
Benzine,2023-09,276961,276961
Benzine,2023-10,78423,78423
CNG,2001-01,1,1
CNG,2005-01,1,1
CNG,2006-08,1,1
CNG,2006-10,1,1
CNG,2007-03,1,1
CNG,2007-04,1,1
CNG,2007-09,1,1
CNG,2007-12,1,1
CNG,2008-01,3,3
CNG,2008-02,4,4
CNG,2008-03,1,1
CNG,2008-04,1,1
CNG,2008-05,1,1
CNG,2008-06,1,1
CNG,2008-09,1,1
CNG,2008-12,18,18
CNG,2009-01,30,30
CNG,2009-03,6,6
CNG,2009-04,1,1
CNG,2009-05,2,2
CNG,2009-06,1,1
CNG,2009-07,14,14
CNG,2009-08,7,7
CNG,2009-09,88,88
CNG,2009-10,1,1
CNG,2009-11,2,2
CNG,2009-12,70,70
CNG,2010-01,5,5
CNG,2010-02,4,4
CNG,2010-03,3,3
CNG,2010-04,6,6
CNG,2010-05,7,7
CNG,2010-06,2,2
CNG,2010-07,1,1
CNG,2010-09,4,4
CNG,2010-10,1,1
CNG,2010-11,8,8
CNG,2010-12,2,2
CNG,2011-01,8,8
CNG,2011-02,5,5
CNG,2011-03,9,9
CNG,2011-04,9,9
CNG,2011-05,6,6
CNG,2011-06,6,6
CNG,2011-07,20,20
CNG,2011-08,1,1
CNG,2011-09,16,16
CNG,2011-10,20,20
CNG,2011-11,15,15
CNG,2011-12,13,13
CNG,2012-01,10,10
CNG,2012-02,13,13
CNG,2012-03,11,11
CNG,2012-04,19,19
CNG,2012-05,11,11
CNG,2012-06,7,7
CNG,2012-07,7,7
CNG,2012-08,7,7
CNG,2012-09,7,7
CNG,2012-10,8,8
CNG,2012-11,13,13
CNG,2012-12,139,139
CNG,2013-01,34,34
CNG,2013-02,10,10
CNG,2013-03,17,17
CNG,2013-04,9,9
CNG,2013-05,21,21
CNG,2013-06,36,36
CNG,2013-07,24,24
CNG,2013-08,11,11
CNG,2013-09,23,23
CNG,2013-10,14,14
CNG,2013-11,13,13
CNG,2013-12,25,25
CNG,2014-01,18,18
CNG,2014-02,11,11
CNG,2014-03,18,18
CNG,2014-04,25,25
CNG,2014-05,14,14
CNG,2014-06,27,27
CNG,2014-07,32,32
CNG,2014-08,27,27
CNG,2014-09,13,13
CNG,2014-10,49,49
CNG,2014-11,23,23
CNG,2014-12,64,64
CNG,2015-01,45,45
CNG,2015-02,25,25
CNG,2015-03,42,42
CNG,2015-04,30,30
CNG,2015-05,30,30
CNG,2015-06,57,57
CNG,2015-07,35,35
CNG,2015-08,22,22
CNG,2015-09,26,26
CNG,2015-10,62,62
CNG,2015-11,30,30
CNG,2015-12,30,30
CNG,2016-01,21,21
CNG,2016-02,49,49
CNG,2016-03,37,37
CNG,2016-04,40,40
CNG,2016-05,42,42
CNG,2016-06,37,37
CNG,2016-07,48,48
CNG,2016-08,89,89
CNG,2016-09,50,50
CNG,2016-10,66,66
CNG,2016-11,90,90
CNG,2016-12,127,127
CNG,2017-01,70,70
CNG,2017-02,97,97
CNG,2017-03,65,65
CNG,2017-04,125,125
CNG,2017-05,111,111
CNG,2017-06,181,181
CNG,2017-07,159,159
CNG,2017-08,216,216
CNG,2017-09,78,78
CNG,2017-10,98,98
CNG,2017-11,95,95
CNG,2017-12,74,74
CNG,2018-01,102,102
CNG,2018-02,94,94
CNG,2018-03,131,131
CNG,2018-04,149,149
CNG,2018-05,228,228
CNG,2018-06,127,127
CNG,2018-07,230,230
CNG,2018-08,149,149
CNG,2018-09,125,125
CNG,2018-10,126,126
CNG,2018-11,110,110
CNG,2018-12,101,101
CNG,2019-01,136,136
CNG,2019-02,89,89
CNG,2019-03,113,113
CNG,2019-04,89,89
CNG,2019-05,118,118
CNG,2019-06,106,106
CNG,2019-07,128,128
CNG,2019-08,230,230
CNG,2019-09,96,96
CNG,2019-10,193,193
CNG,2019-11,205,205
CNG,2019-12,178,178
CNG,2020-01,140,140
CNG,2020-02,98,98
CNG,2020-03,237,237
CNG,2020-04,115,115
CNG,2020-05,96,96
CNG,2020-06,125,125
CNG,2020-07,86,86
CNG,2020-08,82,82
CNG,2020-09,104,104
CNG,2020-10,158,158
CNG,2020-11,106,106
CNG,2020-12,104,104
CNG,2021-01,111,111
CNG,2021-02,71,71
CNG,2021-03,146,146
CNG,2021-04,145,145
CNG,2021-05,113,113
CNG,2021-06,113,113
CNG,2021-07,129,129
CNG,2021-08,105,105
CNG,2021-09,142,142
CNG,2021-10,106,106
CNG,2021-11,93,93
CNG,2021-12,119,119
CNG,2022-01,120,120
CNG,2022-02,96,96
CNG,2022-03,128,128
CNG,2022-04,96,96
CNG,2022-05,97,97
CNG,2022-06,110,110
CNG,2022-07,126,126
CNG,2022-08,122,122
CNG,2022-09,126,126
CNG,2022-10,229,229
CNG,2022-11,154,154
CNG,2022-12,132,132
CNG,2023-01,166,166
CNG,2023-02,117,117
CNG,2023-03,170,170
CNG,2023-04,149,149
CNG,2023-05,199,199
CNG,2023-06,268,268
CNG,2023-07,334,334
CNG,2023-08,297,297
CNG,2023-09,333,333
CNG,2023-10,121,121
Diesel,1962-06,1,1
Diesel,1964-10,1,1
Diesel,1964-12,1,1
Diesel,1965-01,1,1
Diesel,1966-08,1,1
Diesel,1968-12,1,1
Diesel,1969-02,1,1
Diesel,1969-04,1,1
Diesel,1969-11,1,1
Diesel,1970-01,1,1
Diesel,1970-02,1,1
Diesel,1971-04,1,1
Diesel,1972-06,1,1
Diesel,1972-07,1,1
Diesel,1972-08,1,1
Diesel,1972-11,1,1
Diesel,1973-02,1,1
Diesel,1973-05,1,1
Diesel,1973-08,1,1
Diesel,1973-10,1,1
Diesel,1974-04,1,1
Diesel,1974-10,2,2
Diesel,1974-11,1,1
Diesel,1975-02,1,1
Diesel,1975-03,1,1
Diesel,1975-06,1,1
Diesel,1975-07,1,1
Diesel,1975-10,3,3
Diesel,1975-12,2,2
Diesel,1976-01,1,1
Diesel,1976-02,1,1
Diesel,1976-03,1,1
Diesel,1976-08,1,1
Diesel,1976-09,2,2
Diesel,1976-11,2,2
Diesel,1976-12,1,1
Diesel,1977-01,2,2
Diesel,1977-02,1,1
Diesel,1977-04,1,1
Diesel,1977-07,1,1
Diesel,1977-08,3,3
Diesel,1977-09,3,3
Diesel,1977-10,1,1
Diesel,1978-01,1,1
Diesel,1978-02,3,3
Diesel,1978-03,3,3
Diesel,1978-04,1,1
Diesel,1978-06,1,1
Diesel,1978-08,2,2
Diesel,1978-09,4,4
Diesel,1978-10,4,4
Diesel,1978-11,2,2
Diesel,1978-12,1,1
Diesel,1979-01,4,4
Diesel,1979-03,2,2
Diesel,1979-04,1,1
Diesel,1979-05,5,5
Diesel,1979-06,2,2
Diesel,1979-07,3,3
Diesel,1979-08,3,3
Diesel,1979-09,1,1
Diesel,1979-10,1,1
Diesel,1979-11,2,2
Diesel,1979-12,1,1
Diesel,1980-01,3,3
Diesel,1980-02,1,1
Diesel,1980-03,1,1
Diesel,1980-04,2,2
Diesel,1980-05,3,3
Diesel,1980-07,2,2
Diesel,1980-08,3,3
Diesel,1980-09,3,3
Diesel,1980-10,5,5
Diesel,1980-12,3,3
Diesel,1981-01,1,1
Diesel,1981-02,4,4
Diesel,1981-03,1,1
Diesel,1981-04,4,4
Diesel,1981-06,4,4
Diesel,1981-07,2,2
Diesel,1981-08,1,1
Diesel,1981-09,1,1
Diesel,1981-10,3,3
Diesel,1981-11,4,4
Diesel,1981-12,3,3
Diesel,1982-02,1,1
Diesel,1982-03,2,2
Diesel,1982-04,3,3
Diesel,1982-05,4,4
Diesel,1982-06,5,5
Diesel,1982-07,5,5
Diesel,1982-08,6,6
Diesel,1982-09,2,2
Diesel,1982-10,2,2
Diesel,1982-11,5,5
Diesel,1982-12,3,3
Diesel,1983-01,4,4
Diesel,1983-02,1,1
Diesel,1983-03,3,3
Diesel,1983-04,2,2
Diesel,1983-05,7,7
Diesel,1983-06,1,1
Diesel,1983-07,3,3
Diesel,1983-08,5,5
Diesel,1983-09,5,5
Diesel,1983-10,3,3
Diesel,1983-11,2,2
Diesel,1983-12,2,2
Diesel,1984-01,10,10
Diesel,1984-02,6,6
Diesel,1984-03,11,11
Diesel,1984-04,10,10
Diesel,1984-05,4,4
Diesel,1984-06,5,5
Diesel,1984-07,3,3
Diesel,1984-08,5,5
Diesel,1984-09,8,8
Diesel,1984-10,8,8
Diesel,1984-11,5,5
Diesel,1984-12,2,2
Diesel,1985-01,6,6
Diesel,1985-02,5,5
Diesel,1985-03,6,6
Diesel,1985-04,7,7
Diesel,1985-05,8,8
Diesel,1985-06,10,10
Diesel,1985-07,11,11
Diesel,1985-08,8,8
Diesel,1985-09,6,6
Diesel,1985-10,10,10
Diesel,1985-11,4,4
Diesel,1985-12,9,9
Diesel,1986-01,18,18
Diesel,1986-02,6,6
Diesel,1986-03,12,12
Diesel,1986-04,22,22
Diesel,1986-05,4,4
Diesel,1986-06,9,9
Diesel,1986-07,8,8
Diesel,1986-08,13,13
Diesel,1986-09,14,14
Diesel,1986-10,16,16
Diesel,1986-11,9,9
Diesel,1986-12,13,13
Diesel,1987-01,14,14
Diesel,1987-02,11,11
Diesel,1987-03,22,22
Diesel,1987-04,15,15
Diesel,1987-05,15,15
Diesel,1987-06,15,15
Diesel,1987-07,10,10
Diesel,1987-08,12,12
Diesel,1987-09,7,7
Diesel,1987-10,8,8
Diesel,1987-11,8,8
Diesel,1987-12,25,25
Diesel,1988-01,19,19
Diesel,1988-02,10,10
Diesel,1988-03,9,9
Diesel,1988-04,11,11
Diesel,1988-05,10,10
Diesel,1988-06,17,17
Diesel,1988-07,12,12
Diesel,1988-08,8,8
Diesel,1988-09,8,8
Diesel,1988-10,11,11
Diesel,1988-11,15,15
Diesel,1988-12,7,7
Diesel,1989-01,16,16
Diesel,1989-02,13,13
Diesel,1989-03,13,13
Diesel,1989-04,12,12
Diesel,1989-05,16,16
Diesel,1989-06,19,19
Diesel,1989-07,19,19
Diesel,1989-08,11,11
Diesel,1989-09,12,12
Diesel,1989-10,14,14
Diesel,1989-11,17,17
Diesel,1989-12,10,10
Diesel,1990-01,17,17
Diesel,1990-02,20,20
Diesel,1990-03,26,26
Diesel,1990-04,11,11
Diesel,1990-05,20,20
Diesel,1990-06,24,24
Diesel,1990-07,23,23
Diesel,1990-08,17,17
Diesel,1990-09,20,20
Diesel,1990-10,18,18
Diesel,1990-11,11,11
Diesel,1990-12,15,15
Diesel,1991-01,24,24
Diesel,1991-02,19,19
Diesel,1991-03,17,17
Diesel,1991-04,24,24
Diesel,1991-05,34,34
Diesel,1991-06,23,23
Diesel,1991-07,22,22
Diesel,1991-08,22,22
Diesel,1991-09,16,16
Diesel,1991-10,29,29
Diesel,1991-11,23,23
Diesel,1991-12,21,21
Diesel,1992-01,28,28
Diesel,1992-02,25,25
Diesel,1992-03,32,32
Diesel,1992-04,21,21
Diesel,1992-05,23,23
Diesel,1992-06,26,26
Diesel,1992-07,35,35
Diesel,1992-08,19,19
Diesel,1992-09,22,22
Diesel,1992-10,27,27
Diesel,1992-11,31,31
Diesel,1992-12,35,35
Diesel,1993-01,36,36
Diesel,1993-02,33,33
Diesel,1993-03,31,31
Diesel,1993-04,35,35
Diesel,1993-05,26,26
Diesel,1993-06,42,42
Diesel,1993-07,31,31
Diesel,1993-08,30,30
Diesel,1993-09,39,39
Diesel,1993-10,31,31
Diesel,1993-11,35,35
Diesel,1993-12,44,44
Diesel,1994-01,24,24
Diesel,1994-02,25,25
Diesel,1994-03,29,29
Diesel,1994-04,34,34
Diesel,1994-05,44,44
Diesel,1994-06,36,36
Diesel,1994-07,41,41
Diesel,1994-08,43,43
Diesel,1994-09,46,46
Diesel,1994-10,47,47
Diesel,1994-11,63,63
Diesel,1994-12,57,57
Diesel,1995-01,85,85
Diesel,1995-02,97,97
Diesel,1995-03,142,142
Diesel,1995-04,90,90
Diesel,1995-05,96,96
Diesel,1995-06,107,107
Diesel,1995-07,89,89
Diesel,1995-08,80,80
Diesel,1995-09,69,69
Diesel,1995-10,78,78
Diesel,1995-11,71,71
Diesel,1995-12,63,63
Diesel,1996-01,86,86
Diesel,1996-02,92,92
Diesel,1996-03,130,130
Diesel,1996-04,80,80
Diesel,1996-05,77,77
Diesel,1996-06,107,107
Diesel,1996-07,91,91
Diesel,1996-08,103,103
Diesel,1996-09,112,112
Diesel,1996-10,116,116
Diesel,1996-11,90,90
Diesel,1996-12,110,110
Diesel,1997-01,110,110
Diesel,1997-02,91,91
Diesel,1997-03,115,115
Diesel,1997-04,116,116
Diesel,1997-05,104,104
Diesel,1997-06,116,116
Diesel,1997-07,121,121
Diesel,1997-08,129,129
Diesel,1997-09,117,117
Diesel,1997-10,122,122
Diesel,1997-11,103,103
Diesel,1997-12,82,82
Diesel,1998-01,113,113
Diesel,1998-02,104,104
Diesel,1998-03,131,131
Diesel,1998-04,97,97
Diesel,1998-05,104,104
Diesel,1998-06,131,131
Diesel,1998-07,126,126
Diesel,1998-08,92,92
Diesel,1998-09,128,128
Diesel,1998-10,122,122
Diesel,1998-11,100,100
Diesel,1998-12,74,74
Diesel,1999-01,133,133
Diesel,1999-02,117,117
Diesel,1999-03,126,126
Diesel,1999-04,149,149
Diesel,1999-05,134,134
Diesel,1999-06,181,181
Diesel,1999-07,168,168
Diesel,1999-08,121,121
Diesel,1999-09,157,157
Diesel,1999-10,168,168
Diesel,1999-11,156,156
Diesel,1999-12,117,117
Diesel,2000-01,174,174
Diesel,2000-02,160,160
Diesel,2000-03,186,186
Diesel,2000-04,176,176
Diesel,2000-05,168,168
Diesel,2000-06,180,180
Diesel,2000-07,161,161
Diesel,2000-08,140,140
Diesel,2000-09,166,166
Diesel,2000-10,192,192
Diesel,2000-11,181,181
Diesel,2000-12,148,148
Diesel,2001-01,223,223
Diesel,2001-02,170,170
Diesel,2001-03,201,201
Diesel,2001-04,156,156
Diesel,2001-05,191,191
Diesel,2001-06,197,197
Diesel,2001-07,195,195
Diesel,2001-08,190,190
Diesel,2001-09,175,175
Diesel,2001-10,193,193
Diesel,2001-11,196,196
Diesel,2001-12,173,173
Diesel,2002-01,244,244
Diesel,2002-02,207,207
Diesel,2002-03,244,244
Diesel,2002-04,248,248
Diesel,2002-05,256,256
Diesel,2002-06,218,218
Diesel,2002-07,280,280
Diesel,2002-08,210,210
Diesel,2002-09,216,216
Diesel,2002-10,248,248
Diesel,2002-11,200,200
Diesel,2002-12,140,140
Diesel,2003-01,321,321
Diesel,2003-02,238,238
Diesel,2003-03,305,305
Diesel,2003-04,292,292
Diesel,2003-05,258,258
Diesel,2003-06,270,270
Diesel,2003-07,331,331
Diesel,2003-08,246,246
Diesel,2003-09,264,264
Diesel,2003-10,273,273
Diesel,2003-11,251,251
Diesel,2003-12,195,195
Diesel,2004-01,390,390
Diesel,2004-02,326,326
Diesel,2004-03,376,376
Diesel,2004-04,370,370
Diesel,2004-05,320,320
Diesel,2004-06,430,430
Diesel,2004-07,397,397
Diesel,2004-08,309,309
Diesel,2004-09,280,280
Diesel,2004-10,391,391
Diesel,2004-11,338,338
Diesel,2004-12,317,317
Diesel,2005-01,412,412
Diesel,2005-02,329,329
Diesel,2005-03,399,399
Diesel,2005-04,432,432
Diesel,2005-05,379,379
Diesel,2005-06,682,682
Diesel,2005-07,356,356
Diesel,2005-08,281,281
Diesel,2005-09,391,391
Diesel,2005-10,376,376
Diesel,2005-11,325,325
Diesel,2005-12,332,332
Diesel,2006-01,516,516
Diesel,2006-02,417,417
Diesel,2006-03,550,550
Diesel,2006-04,542,542
Diesel,2006-05,500,500
Diesel,2006-06,516,516
Diesel,2006-07,492,492
Diesel,2006-08,437,437
Diesel,2006-09,482,482
Diesel,2006-10,481,481
Diesel,2006-11,548,548
Diesel,2006-12,448,448
Diesel,2007-01,764,764
Diesel,2007-02,640,640
Diesel,2007-03,774,774
Diesel,2007-04,630,630
Diesel,2007-05,756,756
Diesel,2007-06,850,850
Diesel,2007-07,834,834
Diesel,2007-08,753,753
Diesel,2007-09,698,698
Diesel,2007-10,938,938
Diesel,2007-11,742,742
Diesel,2007-12,626,626
Diesel,2008-01,1232,1232
Diesel,2008-02,1055,1055
Diesel,2008-03,1138,1138
Diesel,2008-04,1089,1089
Diesel,2008-05,1024,1024
Diesel,2008-06,1061,1061
Diesel,2008-07,1038,1038
Diesel,2008-08,916,916
Diesel,2008-09,908,908
Diesel,2008-10,1110,1110
Diesel,2008-11,933,933
Diesel,2008-12,745,745
Diesel,2009-01,1373,1373
Diesel,2009-02,1072,1072
Diesel,2009-03,1220,1220
Diesel,2009-04,1186,1186
Diesel,2009-05,1103,1103
Diesel,2009-06,1195,1195
Diesel,2009-07,1318,1318
Diesel,2009-08,978,978
Diesel,2009-09,1183,1183
Diesel,2009-10,1188,1188
Diesel,2009-11,1192,1192
Diesel,2009-12,980,980
Diesel,2010-01,1448,1448
Diesel,2010-02,1241,1241
Diesel,2010-03,1565,1565
Diesel,2010-04,1539,1539
Diesel,2010-05,1325,1325
Diesel,2010-06,1503,1503
Diesel,2010-07,1502,1502
Diesel,2010-08,1422,1422
Diesel,2010-09,1647,1647
Diesel,2010-10,1854,1854
Diesel,2010-11,1732,1732
Diesel,2010-12,1515,1515
Diesel,2011-01,2529,2529
Diesel,2011-02,2092,2092
Diesel,2011-03,2607,2607
Diesel,2011-04,2311,2311
Diesel,2011-05,2368,2368
Diesel,2011-06,2156,2156
Diesel,2011-07,2161,2161
Diesel,2011-08,1870,1870
Diesel,2011-09,2077,2077
Diesel,2011-10,2138,2138
Diesel,2011-11,2138,2138
Diesel,2011-12,2055,2055
Diesel,2012-01,2859,2859
Diesel,2012-02,2338,2338
Diesel,2012-03,2745,2745
Diesel,2012-04,2263,2263
Diesel,2012-05,2541,2541
Diesel,2012-06,2939,2939
Diesel,2012-07,2487,2487
Diesel,2012-08,2143,2143
Diesel,2012-09,2178,2178
Diesel,2012-10,2305,2305
Diesel,2012-11,2309,2309
Diesel,2012-12,2151,2151
Diesel,2013-01,3012,3012
Diesel,2013-02,2446,2446
Diesel,2013-03,3058,3058
Diesel,2013-04,2838,2838
Diesel,2013-05,2876,2876
Diesel,2013-06,2814,2814
Diesel,2013-07,2931,2931
Diesel,2013-08,2763,2763
Diesel,2013-09,2655,2655
Diesel,2013-10,3160,3160
Diesel,2013-11,3286,3286
Diesel,2013-12,4926,4926
Diesel,2014-01,4183,4183
Diesel,2014-02,3569,3569
Diesel,2014-03,4016,4016
Diesel,2014-04,3918,3918
Diesel,2014-05,3911,3911
Diesel,2014-06,3750,3750
Diesel,2014-07,4016,4016
Diesel,2014-08,3472,3472
Diesel,2014-09,3806,3806
Diesel,2014-10,4335,4335
Diesel,2014-11,4071,4071
Diesel,2014-12,4577,4577
Diesel,2015-01,5537,5537
Diesel,2015-02,4534,4534
Diesel,2015-03,5452,5452
Diesel,2015-04,5270,5270
Diesel,2015-05,5204,5204
Diesel,2015-06,5717,5717
Diesel,2015-07,5681,5681
Diesel,2015-08,4670,4670
Diesel,2015-09,5520,5520
Diesel,2015-10,5980,5980
Diesel,2015-11,5861,5861
Diesel,2015-12,6561,6561
Diesel,2016-01,7614,7614
Diesel,2016-02,7424,7424
Diesel,2016-03,8174,8174
Diesel,2016-04,8034,8034
Diesel,2016-05,7067,7067
Diesel,2016-06,8626,8626
Diesel,2016-07,8107,8107
Diesel,2016-08,6902,6902
Diesel,2016-09,8017,8017
Diesel,2016-10,8381,8381
Diesel,2016-11,8776,8776
Diesel,2016-12,9044,9044
Diesel,2017-01,10922,10922
Diesel,2017-02,9403,9403
Diesel,2017-03,11748,11748
Diesel,2017-04,9559,9559
Diesel,2017-05,11023,11023
Diesel,2017-06,11926,11926
Diesel,2017-07,11266,11266
Diesel,2017-08,10111,10111
Diesel,2017-09,11025,11025
Diesel,2017-10,11519,11519
Diesel,2017-11,12116,12116
Diesel,2017-12,11140,11140
Diesel,2018-01,15893,15893
Diesel,2018-02,13579,13579
Diesel,2018-03,15704,15704
Diesel,2018-04,13170,13170
Diesel,2018-05,14307,14307
Diesel,2018-06,15884,15884
Diesel,2018-07,15153,15153
Diesel,2018-08,14233,14233
Diesel,2018-09,13874,13874
Diesel,2018-10,16394,16394
Diesel,2018-11,16232,16232
Diesel,2018-12,13323,13323
Diesel,2019-01,19914,19914
Diesel,2019-02,16829,16829
Diesel,2019-03,18509,18509
Diesel,2019-04,17976,17976
Diesel,2019-05,19784,19784
Diesel,2019-06,18636,18636
Diesel,2019-07,18908,18908
Diesel,2019-08,16452,16452
Diesel,2019-09,16587,16587
Diesel,2019-10,18923,18923
Diesel,2019-11,20845,20845
Diesel,2019-12,17567,17567
Diesel,2020-01,22781,22781
Diesel,2020-02,20038,20038
Diesel,2020-03,19592,19592
Diesel,2020-04,14070,14070
Diesel,2020-05,17788,17788
Diesel,2020-06,20476,20476
Diesel,2020-07,22548,22548
Diesel,2020-08,19114,19114
Diesel,2020-09,20495,20495
Diesel,2020-10,22141,22141
Diesel,2020-11,20211,20211
Diesel,2020-12,20380,20380
Diesel,2021-01,39714,39714
Diesel,2021-02,38350,38350
Diesel,2021-03,43097,43097
Diesel,2021-04,38853,38853
Diesel,2021-05,39895,39895
Diesel,2021-06,41669,41669
Diesel,2021-07,40653,40653
Diesel,2021-08,40857,40857
Diesel,2021-09,49194,49194
Diesel,2021-10,66563,66563
Diesel,2021-11,83672,83672
Diesel,2021-12,88792,88792
Diesel,2022-01,43328,43328
Diesel,2022-02,32201,32201
Diesel,2022-03,33181,33181
Diesel,2022-04,28147,28147
Diesel,2022-05,28375,28375
Diesel,2022-06,29962,29962
Diesel,2022-07,27448,27448
Diesel,2022-08,23811,23811
Diesel,2022-09,26482,26482
Diesel,2022-10,27217,27217
Diesel,2022-11,28951,28951
Diesel,2022-12,30578,30578
Diesel,2023-01,35192,35192
Diesel,2023-02,33495,33495
Diesel,2023-03,41155,41155
Diesel,2023-04,36248,36248
Diesel,2023-05,45396,45396
Diesel,2023-06,50096,50096
Diesel,2023-07,56221,56221
Diesel,2023-08,53198,53198
Diesel,2023-09,64031,64031
Diesel,2023-10,19107,19107
Elektriciteit,1983-12,1,1
Elektriciteit,1992-02,1,1
Elektriciteit,1992-03,1,1
Elektriciteit,1993-04,1,1
Elektriciteit,1996-08,1,1
Elektriciteit,1997-12,2,2
Elektriciteit,1998-02,1,1
Elektriciteit,2000-08,1,1
Elektriciteit,2001-01,2,2
Elektriciteit,2001-03,1,1
Elektriciteit,2001-08,1,1
Elektriciteit,2002-10,1,1
Elektriciteit,2003-02,1,1
Elektriciteit,2003-11,1,1
Elektriciteit,2004-01,1,1
Elektriciteit,2004-02,1,1
Elektriciteit,2004-03,3,3
Elektriciteit,2004-04,2,2
Elektriciteit,2004-06,1,1
Elektriciteit,2004-07,3,3
Elektriciteit,2004-08,6,6
Elektriciteit,2004-09,7,7
Elektriciteit,2004-10,13,13
Elektriciteit,2004-11,1,1
Elektriciteit,2005-01,22,22
Elektriciteit,2005-02,3,3
Elektriciteit,2005-03,8,8
Elektriciteit,2005-04,8,8
Elektriciteit,2005-05,12,12
Elektriciteit,2005-06,14,14
Elektriciteit,2005-07,14,14
Elektriciteit,2005-08,12,12
Elektriciteit,2005-09,7,7
Elektriciteit,2005-10,24,24
Elektriciteit,2005-11,18,18
Elektriciteit,2005-12,15,15
Elektriciteit,2006-01,25,25
Elektriciteit,2006-02,19,19
Elektriciteit,2006-03,19,19
Elektriciteit,2006-04,23,23
Elektriciteit,2006-05,21,21
Elektriciteit,2006-06,42,42
Elektriciteit,2006-07,16,16
Elektriciteit,2006-08,19,19
Elektriciteit,2006-09,20,20
Elektriciteit,2006-10,27,27
Elektriciteit,2006-11,68,68
Elektriciteit,2006-12,27,27
Elektriciteit,2007-01,20,20
Elektriciteit,2007-02,20,20
Elektriciteit,2007-03,19,19
Elektriciteit,2007-04,19,19
Elektriciteit,2007-05,29,29
Elektriciteit,2007-06,32,32
Elektriciteit,2007-07,29,29
Elektriciteit,2007-08,32,32
Elektriciteit,2007-09,23,23
Elektriciteit,2007-10,23,23
Elektriciteit,2007-11,24,24
Elektriciteit,2007-12,17,17
Elektriciteit,2008-01,18,18
Elektriciteit,2008-02,42,42
Elektriciteit,2008-03,44,44
Elektriciteit,2008-04,37,37
Elektriciteit,2008-05,55,55
Elektriciteit,2008-06,67,67
Elektriciteit,2008-07,57,57
Elektriciteit,2008-08,46,46
Elektriciteit,2008-09,44,44
Elektriciteit,2008-10,27,27
Elektriciteit,2008-11,31,31
Elektriciteit,2008-12,22,22
Elektriciteit,2009-01,48,48
Elektriciteit,2009-02,41,41
Elektriciteit,2009-03,40,40
Elektriciteit,2009-04,61,61
Elektriciteit,2009-05,73,73
Elektriciteit,2009-06,78,78
Elektriciteit,2009-07,134,134
Elektriciteit,2009-08,160,160
Elektriciteit,2009-09,133,133
Elektriciteit,2009-10,144,144
Elektriciteit,2009-11,84,84
Elektriciteit,2009-12,71,71
Elektriciteit,2010-01,155,155
Elektriciteit,2010-02,92,92
Elektriciteit,2010-03,153,153
Elektriciteit,2010-04,154,154
Elektriciteit,2010-05,145,145
Elektriciteit,2010-06,175,175
Elektriciteit,2010-07,185,185
Elektriciteit,2010-08,209,209
Elektriciteit,2010-09,187,187
Elektriciteit,2010-10,172,172
Elektriciteit,2010-11,129,129
Elektriciteit,2010-12,96,96
Elektriciteit,2011-01,224,224
Elektriciteit,2011-02,196,196
Elektriciteit,2011-03,259,259
Elektriciteit,2011-04,302,302
Elektriciteit,2011-05,242,242
Elektriciteit,2011-06,209,209
Elektriciteit,2011-07,223,223
Elektriciteit,2011-08,260,260
Elektriciteit,2011-09,230,230
Elektriciteit,2011-10,191,191
Elektriciteit,2011-11,218,218
Elektriciteit,2011-12,154,154
Elektriciteit,2012-01,264,264
Elektriciteit,2012-02,179,179
Elektriciteit,2012-03,233,233
Elektriciteit,2012-04,266,266
Elektriciteit,2012-05,301,301
Elektriciteit,2012-06,340,340
Elektriciteit,2012-07,379,379
Elektriciteit,2012-08,460,460
Elektriciteit,2012-09,501,501
Elektriciteit,2012-10,333,333
Elektriciteit,2012-11,338,338
Elektriciteit,2012-12,300,300
Elektriciteit,2013-01,376,376
Elektriciteit,2013-02,276,276
Elektriciteit,2013-03,392,392
Elektriciteit,2013-04,373,373
Elektriciteit,2013-05,436,436
Elektriciteit,2013-06,406,406
Elektriciteit,2013-07,420,420
Elektriciteit,2013-08,505,505
Elektriciteit,2013-09,453,453
Elektriciteit,2013-10,588,588
Elektriciteit,2013-11,913,913
Elektriciteit,2013-12,1487,1487
Elektriciteit,2014-01,509,509
Elektriciteit,2014-02,469,469
Elektriciteit,2014-03,633,633
Elektriciteit,2014-04,683,683
Elektriciteit,2014-05,797,797
Elektriciteit,2014-06,714,714
Elektriciteit,2014-07,632,632
Elektriciteit,2014-08,654,654
Elektriciteit,2014-09,688,688
Elektriciteit,2014-10,710,710
Elektriciteit,2014-11,606,606
Elektriciteit,2014-12,762,762
Elektriciteit,2015-01,848,848
Elektriciteit,2015-02,680,680
Elektriciteit,2015-03,740,740
Elektriciteit,2015-04,751,751
Elektriciteit,2015-05,758,758
Elektriciteit,2015-06,914,914
Elektriciteit,2015-07,907,907
Elektriciteit,2015-08,799,799
Elektriciteit,2015-09,844,844
Elektriciteit,2015-10,973,973
Elektriciteit,2015-11,966,966
Elektriciteit,2015-12,1522,1522
Elektriciteit,2016-01,978,978
Elektriciteit,2016-02,997,997
Elektriciteit,2016-03,1189,1189
Elektriciteit,2016-04,1251,1251
Elektriciteit,2016-05,1182,1182
Elektriciteit,2016-06,1309,1309
Elektriciteit,2016-07,1258,1258
Elektriciteit,2016-08,1138,1138
Elektriciteit,2016-09,1358,1358
Elektriciteit,2016-10,1268,1268
Elektriciteit,2016-11,1374,1374
Elektriciteit,2016-12,1740,1740
Elektriciteit,2017-01,1646,1646
Elektriciteit,2017-02,1327,1327
Elektriciteit,2017-03,1803,1803
Elektriciteit,2017-04,1521,1521
Elektriciteit,2017-05,1958,1958
Elektriciteit,2017-06,2090,2090
Elektriciteit,2017-07,1971,1971
Elektriciteit,2017-08,2060,2060
Elektriciteit,2017-09,2191,2191
Elektriciteit,2017-10,2062,2062
Elektriciteit,2017-11,2371,2371
Elektriciteit,2017-12,2674,2674
Elektriciteit,2018-01,2717,2717
Elektriciteit,2018-02,2151,2151
Elektriciteit,2018-03,3104,3104
Elektriciteit,2018-04,2670,2670
Elektriciteit,2018-05,2941,2941
Elektriciteit,2018-06,3726,3726
Elektriciteit,2018-07,3212,3212
Elektriciteit,2018-08,3419,3419
Elektriciteit,2018-09,3789,3789
Elektriciteit,2018-10,4045,4045
Elektriciteit,2018-11,5305,5305
Elektriciteit,2018-12,6705,6705
Elektriciteit,2019-01,5223,5223
Elektriciteit,2019-02,4648,4648
Elektriciteit,2019-03,7107,7107
Elektriciteit,2019-04,5256,5256
Elektriciteit,2019-05,7069,7069
Elektriciteit,2019-06,7712,7712
Elektriciteit,2019-07,6482,6482
Elektriciteit,2019-08,6942,6942
Elektriciteit,2019-09,10594,10594
Elektriciteit,2019-10,7324,7324
Elektriciteit,2019-11,12113,12113
Elektriciteit,2019-12,21647,21647
Elektriciteit,2020-01,10079,10079
Elektriciteit,2020-02,9266,9266
Elektriciteit,2020-03,10438,10438
Elektriciteit,2020-04,6939,6939
Elektriciteit,2020-05,8048,8048
Elektriciteit,2020-06,11152,11152
Elektriciteit,2020-07,14093,14093
Elektriciteit,2020-08,12727,12727
Elektriciteit,2020-09,15318,15318
Elektriciteit,2020-10,17826,17826
Elektriciteit,2020-11,18805,18805
Elektriciteit,2020-12,26792,26792
Elektriciteit,2021-01,17800,17800
Elektriciteit,2021-02,13208,13208
Elektriciteit,2021-03,17925,17925
Elektriciteit,2021-04,18529,18529
Elektriciteit,2021-05,19671,19671
Elektriciteit,2021-06,23185,23185
Elektriciteit,2021-07,21853,21853
Elektriciteit,2021-08,21185,21185
Elektriciteit,2021-09,22953,22953
Elektriciteit,2021-10,24124,24124
Elektriciteit,2021-11,27040,27040
Elektriciteit,2021-12,38964,38964
Elektriciteit,2022-01,30072,30072
Elektriciteit,2022-02,23867,23867
Elektriciteit,2022-03,29491,29491
Elektriciteit,2022-04,27996,27996
Elektriciteit,2022-05,25988,25988
Elektriciteit,2022-06,30227,30227
Elektriciteit,2022-07,26664,26664
Elektriciteit,2022-08,27503,27503
Elektriciteit,2022-09,28310,28310
Elektriciteit,2022-10,29498,29498
Elektriciteit,2022-11,30557,30557
Elektriciteit,2022-12,33814,33814
Elektriciteit,2023-01,34380,34380
Elektriciteit,2023-02,33790,33790
Elektriciteit,2023-03,45744,45744
Elektriciteit,2023-04,39081,39081
Elektriciteit,2023-05,49431,49431
Elektriciteit,2023-06,53625,53625
Elektriciteit,2023-07,55894,55894
Elektriciteit,2023-08,52187,52187
Elektriciteit,2023-09,63838,63838
Elektriciteit,2023-10,16143,16143
LNG,2011-03,1,1
LNG,2012-04,1,1
LNG,2012-05,1,1
LNG,2013-02,1,1
LNG,2013-07,1,1
LNG,2013-08,1,1
LNG,2014-06,2,2
LNG,2014-08,1,1
LNG,2015-06,1,1
LNG,2015-09,1,1
LNG,2015-12,1,1
LNG,2016-04,2,2
LNG,2016-06,1,1
LNG,2016-07,1,1
LNG,2016-08,1,1
LNG,2016-12,6,6
LNG,2017-01,1,1
LNG,2017-04,2,2
LNG,2017-05,1,1
LNG,2017-07,4,4
LNG,2017-08,1,1
LNG,2017-09,2,2
LNG,2017-10,2,2
LNG,2017-11,18,18
LNG,2017-12,6,6
LNG,2018-01,5,5
LNG,2018-02,8,8
LNG,2018-03,1,1
LNG,2018-04,1,1
LNG,2018-05,3,3
LNG,2018-06,4,4
LNG,2018-07,7,7
LNG,2018-08,12,12
LNG,2018-09,5,5
LNG,2018-10,18,18
LNG,2018-11,8,8
LNG,2018-12,4,4
LNG,2019-01,38,38
LNG,2019-02,7,7
LNG,2019-03,9,9
LNG,2019-04,13,13
LNG,2019-05,9,9
LNG,2019-06,18,18
LNG,2019-07,6,6
LNG,2019-08,6,6
LNG,2019-09,10,10
LNG,2019-10,3,3
LNG,2019-11,10,10
LNG,2019-12,9,9
LNG,2020-01,20,20
LNG,2020-02,9,9
LNG,2020-03,33,33
LNG,2020-04,22,22
LNG,2020-05,20,20
LNG,2020-06,8,8
LNG,2020-07,5,5
LNG,2020-08,13,13
LNG,2020-09,21,21
LNG,2020-10,16,16
LNG,2020-11,20,20
LNG,2020-12,25,25
LNG,2021-01,43,43
LNG,2021-02,31,31
LNG,2021-03,60,60
LNG,2021-04,44,44
LNG,2021-05,42,42
LNG,2021-06,48,48
LNG,2021-07,16,16
LNG,2021-08,20,20
LNG,2021-09,22,22
LNG,2021-10,14,14
LNG,2021-11,45,45
LNG,2021-12,50,50
LNG,2022-01,81,81
LNG,2022-02,35,35
LNG,2022-03,18,18
LNG,2022-04,24,24
LNG,2022-05,17,17
LNG,2022-06,30,30
LNG,2022-07,13,13
LNG,2022-08,5,5
LNG,2022-09,2,2
LNG,2022-10,8,8
LNG,2022-11,13,13
LNG,2022-12,10,10
LNG,2023-01,7,7
LNG,2023-02,7,7
LNG,2023-03,7,7
LNG,2023-04,4,4
LNG,2023-05,6,6
LNG,2023-06,5,5
LNG,2023-07,4,4
LNG,2023-08,10,10
LNG,2023-09,5,5
LNG,2023-10,1,1
LPG,1970-03,1,1
LPG,1970-04,1,1
LPG,1971-05,1,1
LPG,1971-09,1,1
LPG,1971-12,1,1
LPG,1972-01,2,2
LPG,1972-04,1,1
LPG,1972-07,1,1
LPG,1972-08,1,1
LPG,1972-11,1,1
LPG,1972-12,1,1
LPG,1973-04,1,1
LPG,1973-05,1,1
LPG,1973-08,1,1
LPG,1974-02,1,1
LPG,1974-08,1,1
LPG,1974-09,1,1
LPG,1974-10,1,1
LPG,1975-12,2,2
LPG,1976-02,1,1
LPG,1976-03,1,1
LPG,1976-04,1,1
LPG,1976-06,3,3
LPG,1976-07,2,2
LPG,1976-08,1,1
LPG,1976-09,1,1
LPG,1976-10,1,1
LPG,1977-02,1,1
LPG,1977-03,2,2
LPG,1977-04,1,1
LPG,1977-05,1,1
LPG,1977-06,1,1
LPG,1977-08,1,1
LPG,1977-10,3,3
LPG,1977-11,2,2
LPG,1977-12,1,1
LPG,1978-01,3,3
LPG,1978-02,2,2
LPG,1978-04,1,1
LPG,1978-05,1,1
LPG,1978-06,3,3
LPG,1978-07,2,2
LPG,1978-08,2,2
LPG,1978-09,2,2
LPG,1978-10,2,2
LPG,1978-11,3,3
LPG,1978-12,1,1
LPG,1979-01,3,3
LPG,1979-02,1,1
LPG,1979-04,5,5
LPG,1979-05,1,1
LPG,1979-06,5,5
LPG,1979-07,2,2
LPG,1979-08,3,3
LPG,1979-10,3,3
LPG,1979-11,1,1
LPG,1979-12,2,2
LPG,1980-02,1,1
LPG,1980-03,2,2
LPG,1980-04,2,2
LPG,1980-05,4,4
LPG,1980-06,3,3
LPG,1980-07,1,1
LPG,1980-08,1,1
LPG,1980-09,2,2
LPG,1980-10,1,1
LPG,1980-12,2,2
LPG,1981-01,4,4
LPG,1981-02,4,4
LPG,1981-03,5,5
LPG,1981-04,1,1
LPG,1981-05,3,3
LPG,1981-06,4,4
LPG,1981-07,3,3
LPG,1981-08,4,4
LPG,1981-10,2,2
LPG,1981-11,3,3
LPG,1981-12,2,2
LPG,1982-01,3,3
LPG,1982-02,4,4
LPG,1982-03,9,9
LPG,1982-04,2,2
LPG,1982-05,5,5
LPG,1982-06,3,3
LPG,1982-07,4,4
LPG,1982-08,3,3
LPG,1982-09,4,4
LPG,1982-10,5,5
LPG,1982-11,3,3
LPG,1982-12,2,2
LPG,1983-01,3,3
LPG,1983-03,2,2
LPG,1983-04,4,4
LPG,1983-05,4,4
LPG,1983-06,1,1
LPG,1983-07,4,4
LPG,1983-08,2,2
LPG,1983-09,5,5
LPG,1983-10,5,5
LPG,1983-11,6,6
LPG,1984-01,11,11
LPG,1984-02,2,2
LPG,1984-03,6,6
LPG,1984-04,4,4
LPG,1984-05,6,6
LPG,1984-06,5,5
LPG,1984-07,4,4
LPG,1984-08,9,9
LPG,1984-09,2,2
LPG,1984-10,3,3
LPG,1984-11,5,5
LPG,1984-12,5,5
LPG,1985-01,3,3
LPG,1985-02,3,3
LPG,1985-03,10,10
LPG,1985-04,3,3
LPG,1985-05,3,3
LPG,1985-06,3,3
LPG,1985-07,1,1
LPG,1985-08,8,8
LPG,1985-09,10,10
LPG,1985-10,6,6
LPG,1985-11,9,9
LPG,1985-12,5,5
LPG,1986-01,10,10
LPG,1986-02,6,6
LPG,1986-03,5,5
LPG,1986-04,8,8
LPG,1986-05,5,5
LPG,1986-06,8,8
LPG,1986-07,8,8
LPG,1986-08,5,5
LPG,1986-09,4,4
LPG,1986-10,9,9
LPG,1986-11,8,8
LPG,1986-12,7,7
LPG,1987-01,4,4
LPG,1987-02,5,5
LPG,1987-03,7,7
LPG,1987-04,4,4
LPG,1987-05,6,6
LPG,1987-06,12,12
LPG,1987-07,12,12
LPG,1987-08,7,7
LPG,1987-09,8,8
LPG,1987-10,10,10
LPG,1987-11,9,9
LPG,1987-12,9,9
LPG,1988-01,6,6
LPG,1988-02,6,6
LPG,1988-03,7,7
LPG,1988-04,7,7
LPG,1988-05,5,5
LPG,1988-06,23,23
LPG,1988-07,17,17
LPG,1988-08,13,13
LPG,1988-09,12,12
LPG,1988-10,12,12
LPG,1988-11,10,10
LPG,1988-12,10,10
LPG,1989-01,9,9
LPG,1989-02,9,9
LPG,1989-03,7,7
LPG,1989-04,11,11
LPG,1989-05,13,13
LPG,1989-06,14,14
LPG,1989-07,15,15
LPG,1989-08,10,10
LPG,1989-09,7,7
LPG,1989-10,12,12
LPG,1989-11,14,14
LPG,1989-12,10,10
LPG,1990-01,21,21
LPG,1990-02,15,15
LPG,1990-03,17,17
LPG,1990-04,14,14
LPG,1990-05,17,17
LPG,1990-06,24,24
LPG,1990-07,21,21
LPG,1990-08,16,16
LPG,1990-09,15,15
LPG,1990-10,13,13
LPG,1990-11,18,18
LPG,1990-12,15,15
LPG,1991-01,19,19
LPG,1991-02,13,13
LPG,1991-03,12,12
LPG,1991-04,25,25
LPG,1991-05,16,16
LPG,1991-06,22,22
LPG,1991-07,10,10
LPG,1991-08,18,18
LPG,1991-09,15,15
LPG,1991-10,16,16
LPG,1991-11,19,19
LPG,1991-12,13,13
LPG,1992-01,15,15
LPG,1992-02,11,11
LPG,1992-03,18,18
LPG,1992-04,17,17
LPG,1992-05,19,19
LPG,1992-06,21,21
LPG,1992-07,14,14
LPG,1992-08,11,11
LPG,1992-09,8,8
LPG,1992-10,15,15
LPG,1992-11,20,20
LPG,1992-12,16,16
LPG,1993-01,16,16
LPG,1993-02,10,10
LPG,1993-03,11,11
LPG,1993-04,22,22
LPG,1993-05,15,15
LPG,1993-06,17,17
LPG,1993-07,19,19
LPG,1993-08,9,9
LPG,1993-09,21,21
LPG,1993-10,12,12
LPG,1993-11,20,20
LPG,1993-12,13,13
LPG,1994-01,20,20
LPG,1994-02,20,20
LPG,1994-03,19,19
LPG,1994-04,31,31
LPG,1994-05,23,23
LPG,1994-06,27,27
LPG,1994-07,18,18
LPG,1994-08,20,20
LPG,1994-09,21,21
LPG,1994-10,25,25
LPG,1994-11,28,28
LPG,1994-12,46,46
LPG,1995-01,55,55
LPG,1995-02,46,46
LPG,1995-03,92,92
LPG,1995-04,54,54
LPG,1995-05,75,75
LPG,1995-06,54,54
LPG,1995-07,56,56
LPG,1995-08,59,59
LPG,1995-09,51,51
LPG,1995-10,53,53
LPG,1995-11,51,51
LPG,1995-12,34,34
LPG,1996-01,48,48
LPG,1996-02,52,52
LPG,1996-03,64,64
LPG,1996-04,52,52
LPG,1996-05,58,58
LPG,1996-06,73,73
LPG,1996-07,62,62
LPG,1996-08,55,55
LPG,1996-09,57,57
LPG,1996-10,65,65
LPG,1996-11,59,59
LPG,1996-12,49,49
LPG,1997-01,60,60
LPG,1997-02,52,52
LPG,1997-03,64,64
LPG,1997-04,67,67
LPG,1997-05,66,66
LPG,1997-06,73,73
LPG,1997-07,73,73
LPG,1997-08,64,64
LPG,1997-09,72,72
LPG,1997-10,78,78
LPG,1997-11,58,58
LPG,1997-12,69,69
LPG,1998-01,62,62
LPG,1998-02,68,68
LPG,1998-03,72,72
LPG,1998-04,71,71
LPG,1998-05,61,61
LPG,1998-06,62,62
LPG,1998-07,76,76
LPG,1998-08,57,57
LPG,1998-09,49,49
LPG,1998-10,65,65
LPG,1998-11,48,48
LPG,1998-12,54,54
LPG,1999-01,52,52
LPG,1999-02,56,56
LPG,1999-03,70,70
LPG,1999-04,81,81
LPG,1999-05,76,76
LPG,1999-06,77,77
LPG,1999-07,74,74
LPG,1999-08,73,73
LPG,1999-09,65,65
LPG,1999-10,64,64
LPG,1999-11,64,64
LPG,1999-12,53,53
LPG,2000-01,67,67
LPG,2000-02,73,73
LPG,2000-03,71,71
LPG,2000-04,75,75
LPG,2000-05,82,82
LPG,2000-06,54,54
LPG,2000-07,75,75
LPG,2000-08,66,66
LPG,2000-09,65,65
LPG,2000-10,80,80
LPG,2000-11,72,72
LPG,2000-12,74,74
LPG,2001-01,72,72
LPG,2001-02,61,61
LPG,2001-03,87,87
LPG,2001-04,62,62
LPG,2001-05,86,86
LPG,2001-06,108,108
LPG,2001-07,97,97
LPG,2001-08,77,77
LPG,2001-09,62,62
LPG,2001-10,85,85
LPG,2001-11,79,79
LPG,2001-12,80,80
LPG,2002-01,59,59
LPG,2002-02,64,64
LPG,2002-03,63,63
LPG,2002-04,66,66
LPG,2002-05,81,81
LPG,2002-06,72,72
LPG,2002-07,78,78
LPG,2002-08,74,74
LPG,2002-09,70,70
LPG,2002-10,77,77
LPG,2002-11,58,58
LPG,2002-12,64,64
LPG,2003-01,55,55
LPG,2003-02,60,60
LPG,2003-03,81,81
LPG,2003-04,56,56
LPG,2003-05,97,97
LPG,2003-06,74,74
LPG,2003-07,80,80
LPG,2003-08,58,58
LPG,2003-09,81,81
LPG,2003-10,77,77
LPG,2003-11,48,48
LPG,2003-12,73,73
LPG,2004-01,78,78
LPG,2004-02,72,72
LPG,2004-03,83,83
LPG,2004-04,81,81
LPG,2004-05,75,75
LPG,2004-06,112,112
LPG,2004-07,81,81
LPG,2004-08,71,71
LPG,2004-09,55,55
LPG,2004-10,89,89
LPG,2004-11,80,80
LPG,2004-12,71,71
LPG,2005-01,75,75
LPG,2005-02,73,73
LPG,2005-03,84,84
LPG,2005-04,92,92
LPG,2005-05,97,97
LPG,2005-06,107,107
LPG,2005-07,111,111
LPG,2005-08,72,72
LPG,2005-09,114,114
LPG,2005-10,106,106
LPG,2005-11,94,94
LPG,2005-12,92,92
LPG,2006-01,105,105
LPG,2006-02,109,109
LPG,2006-03,131,131
LPG,2006-04,114,114
LPG,2006-05,127,127
LPG,2006-06,124,124
LPG,2006-07,119,119
LPG,2006-08,117,117
LPG,2006-09,120,120
LPG,2006-10,107,107
LPG,2006-11,124,124
LPG,2006-12,122,122
LPG,2007-01,105,105
LPG,2007-02,115,115
LPG,2007-03,156,156
LPG,2007-04,137,137
LPG,2007-05,146,146
LPG,2007-06,151,151
LPG,2007-07,131,131
LPG,2007-08,146,146
LPG,2007-09,146,146
LPG,2007-10,151,151
LPG,2007-11,149,149
LPG,2007-12,115,115
LPG,2008-01,174,174
LPG,2008-02,172,172
LPG,2008-03,170,170
LPG,2008-04,154,154
LPG,2008-05,197,197
LPG,2008-06,200,200
LPG,2008-07,194,194
LPG,2008-08,157,157
LPG,2008-09,167,167
LPG,2008-10,164,164
LPG,2008-11,158,158
LPG,2008-12,137,137
LPG,2009-01,177,177
LPG,2009-02,139,139
LPG,2009-03,158,158
LPG,2009-04,159,159
LPG,2009-05,177,177
LPG,2009-06,183,183
LPG,2009-07,188,188
LPG,2009-08,184,184
LPG,2009-09,171,171
LPG,2009-10,208,208
LPG,2009-11,167,167
LPG,2009-12,162,162
LPG,2010-01,196,196
LPG,2010-02,177,177
LPG,2010-03,230,230
LPG,2010-04,191,191
LPG,2010-05,169,169
LPG,2010-06,220,220
LPG,2010-07,210,210
LPG,2010-08,221,221
LPG,2010-09,305,305
LPG,2010-10,305,305
LPG,2010-11,251,251
LPG,2010-12,182,182
LPG,2011-01,270,270
LPG,2011-02,211,211
LPG,2011-03,249,249
LPG,2011-04,284,284
LPG,2011-05,278,278
LPG,2011-06,302,302
LPG,2011-07,279,279
LPG,2011-08,291,291
LPG,2011-09,389,389
LPG,2011-10,368,368
LPG,2011-11,476,476
LPG,2011-12,482,482
LPG,2012-01,439,439
LPG,2012-02,301,301
LPG,2012-03,407,407
LPG,2012-04,340,340
LPG,2012-05,406,406
LPG,2012-06,667,667
LPG,2012-07,375,375
LPG,2012-08,321,321
LPG,2012-09,349,349
LPG,2012-10,322,322
LPG,2012-11,313,313
LPG,2012-12,267,267
LPG,2013-01,297,297
LPG,2013-02,262,262
LPG,2013-03,277,277
LPG,2013-04,285,285
LPG,2013-05,322,322
LPG,2013-06,322,322
LPG,2013-07,276,276
LPG,2013-08,308,308
LPG,2013-09,276,276
LPG,2013-10,286,286
LPG,2013-11,333,333
LPG,2013-12,427,427
LPG,2014-01,358,358
LPG,2014-02,299,299
LPG,2014-03,343,343
LPG,2014-04,327,327
LPG,2014-05,330,330
LPG,2014-06,336,336
LPG,2014-07,346,346
LPG,2014-08,308,308
LPG,2014-09,324,324
LPG,2014-10,316,316
LPG,2014-11,358,358
LPG,2014-12,323,323
LPG,2015-01,338,338
LPG,2015-02,319,319
LPG,2015-03,353,353
LPG,2015-04,352,352
LPG,2015-05,320,320
LPG,2015-06,349,349
LPG,2015-07,427,427
LPG,2015-08,352,352
LPG,2015-09,388,388
LPG,2015-10,388,388
LPG,2015-11,384,384
LPG,2015-12,413,413
LPG,2016-01,394,394
LPG,2016-02,389,389
LPG,2016-03,469,469
LPG,2016-04,475,475
LPG,2016-05,468,468
LPG,2016-06,488,488
LPG,2016-07,536,536
LPG,2016-08,437,437
LPG,2016-09,455,455
LPG,2016-10,503,503
LPG,2016-11,473,473
LPG,2016-12,492,492
LPG,2017-01,506,506
LPG,2017-02,477,477
LPG,2017-03,570,570
LPG,2017-04,547,547
LPG,2017-05,589,589
LPG,2017-06,634,634
LPG,2017-07,554,554
LPG,2017-08,581,581
LPG,2017-09,620,620
LPG,2017-10,638,638
LPG,2017-11,579,579
LPG,2017-12,575,575
LPG,2018-01,684,684
LPG,2018-02,577,577
LPG,2018-03,703,703
LPG,2018-04,644,644
LPG,2018-05,699,699
LPG,2018-06,769,769
LPG,2018-07,718,718
LPG,2018-08,672,672
LPG,2018-09,666,666
LPG,2018-10,738,738
LPG,2018-11,688,688
LPG,2018-12,682,682
LPG,2019-01,784,784
LPG,2019-02,687,687
LPG,2019-03,791,791
LPG,2019-04,827,827
LPG,2019-05,900,900
LPG,2019-06,848,848
LPG,2019-07,825,825
LPG,2019-08,769,769
LPG,2019-09,769,769
LPG,2019-10,883,883
LPG,2019-11,888,888
LPG,2019-12,791,791
LPG,2020-01,939,939
LPG,2020-02,949,949
LPG,2020-03,848,848
LPG,2020-04,785,785
LPG,2020-05,1046,1046
LPG,2020-06,1142,1142
LPG,2020-07,1266,1266
LPG,2020-08,1190,1190
LPG,2020-09,1204,1204
LPG,2020-10,1299,1299
LPG,2020-11,1102,1102
LPG,2020-12,1147,1147
LPG,2021-01,1183,1183
LPG,2021-02,1079,1079
LPG,2021-03,1311,1311
LPG,2021-04,1317,1317
LPG,2021-05,1398,1398
LPG,2021-06,1494,1494
LPG,2021-07,1618,1618
LPG,2021-08,1324,1324
LPG,2021-09,1495,1495
LPG,2021-10,1836,1836
LPG,2021-11,2255,2255
LPG,2021-12,3538,3538
LPG,2022-01,2179,2179
LPG,2022-02,1841,1841
LPG,2022-03,1796,1796
LPG,2022-04,1379,1379
LPG,2022-05,1470,1470
LPG,2022-06,1800,1800
LPG,2022-07,1599,1599
LPG,2022-08,1481,1481
LPG,2022-09,1567,1567
LPG,2022-10,1724,1724
LPG,2022-11,1900,1900
LPG,2022-12,1818,1818
LPG,2023-01,1983,1983
LPG,2023-02,1776,1776
LPG,2023-03,2086,2086
LPG,2023-04,1967,1967
LPG,2023-05,2269,2269
LPG,2023-06,2699,2699
LPG,2023-07,2767,2767
LPG,2023-08,2735,2735
LPG,2023-09,3343,3343
LPG,2023-10,964,964
Waterstof,2014-09,1,1
Waterstof,2015-01,1,1
Waterstof,2015-03,3,3
Waterstof,2016-08,1,1
Waterstof,2016-10,1,1
Waterstof,2016-12,1,1
Waterstof,2017-01,1,1
Waterstof,2017-03,1,1
Waterstof,2017-06,1,1
Waterstof,2017-07,1,1
Waterstof,2017-09,1,1
Waterstof,2017-11,1,1
Waterstof,2017-12,2,2
Waterstof,2018-05,1,1
Waterstof,2018-09,1,1
Waterstof,2018-10,4,4
Waterstof,2018-11,1,1
Waterstof,2019-01,2,2
Waterstof,2019-02,4,4
Waterstof,2019-03,9,9
Waterstof,2019-04,5,5
Waterstof,2019-05,5,5
Waterstof,2019-06,7,7
Waterstof,2019-07,9,9
Waterstof,2019-08,9,9
Waterstof,2019-09,9,9
Waterstof,2019-10,7,7
Waterstof,2019-11,4,4
Waterstof,2019-12,24,24
Waterstof,2020-01,15,15
Waterstof,2020-02,5,5
Waterstof,2020-03,12,12
Waterstof,2020-04,5,5
Waterstof,2020-05,5,5
Waterstof,2020-06,11,11
Waterstof,2020-07,13,13
Waterstof,2020-08,10,10
Waterstof,2020-09,16,16
Waterstof,2020-10,11,11
Waterstof,2020-11,15,15
Waterstof,2020-12,34,34
Waterstof,2021-01,4,4
Waterstof,2021-02,4,4
Waterstof,2021-03,31,31
Waterstof,2021-04,8,8
Waterstof,2021-05,12,12
Waterstof,2021-06,18,18
Waterstof,2021-07,17,17
Waterstof,2021-08,9,9
Waterstof,2021-09,15,15
Waterstof,2021-10,24,24
Waterstof,2021-11,25,25
Waterstof,2021-12,62,62
Waterstof,2022-01,71,71
Waterstof,2022-02,11,11
Waterstof,2022-03,13,13
Waterstof,2022-04,16,16
Waterstof,2022-05,20,20
Waterstof,2022-06,51,51
Waterstof,2022-07,5,5
Waterstof,2022-08,7,7
Waterstof,2022-09,9,9
Waterstof,2022-10,9,9
Waterstof,2022-11,15,15
Waterstof,2022-12,19,19
Waterstof,2023-01,22,22
Waterstof,2023-02,10,10
Waterstof,2023-03,8,8
Waterstof,2023-04,15,15
Waterstof,2023-05,23,23
Waterstof,2023-06,13,13
Waterstof,2023-07,38,38
Waterstof,2023-08,13,13
Waterstof,2023-09,23,23
Waterstof,2023-10,2,2
